<beans xmlns="http://www.springframework.org/schema/beans"
	xmlns:xsi="http://www.w3.org/2001/XMLSchema-instance" xmlns:p="http://www.springframework.org/schema/p"
	xmlns:aop="http://www.springframework.org/schema/aop" xmlns:context="http://www.springframework.org/schema/context"
	xmlns:jee="http://www.springframework.org/schema/jee" xmlns:tx="http://www.springframework.org/schema/tx"
	xmlns:task="http://www.springframework.org/schema/task"
	xsi:schemaLocation="http://www.springframework.org/schema/aop http://www.springframework.org/schema/aop/spring-aop-3.2.xsd http://www.springframework.org/schema/beans http://www.springframework.org/schema/beans/spring-beans-3.2.xsd http://www.springframework.org/schema/context http://www.springframework.org/schema/context/spring-context-3.2.xsd http://www.springframework.org/schema/jee http://www.springframework.org/schema/jee/spring-jee-3.2.xsd http://www.springframework.org/schema/tx http://www.springframework.org/schema/tx/spring-tx-3.2.xsd http://www.springframework.org/schema/task http://www.springframework.org/schema/task/spring-task-3.2.xsd">
 
	
	<bean id="singObj" class="com.training.depinj.model.Singer">
	
		<constructor-arg value = "Vathi coming song from Master"/>
	</bean>
	
<!-- 	<bean id="saxophoneObj" class="com.training.depinj.model.Saxophone"/> -->
	
<!-- 	<bean id="instrumentalistObj" class="com.training.depinj.model.Instrumentalist"> -->
	
<!-- 		<property name="saxophon"  ref="saxophoneObj"/> -->

<!-- 	</bean> -->
	
	<bean id="saxophoneObj" class="com.training.depinj.model.Saxophone"/>
	<bean id="flueObj" class="com.training.depinj.model.Flue"/>
	<bean id="guitarObj" class="com.training.depinj.model.Guitar"/>
	
	<bean id="oneManBandObj" class="com.training.depinj.model.OneManBand">
	
		<property name="instruments">
			<list>
			
	            <ref bean = "saxophoneObj"/>
	            <ref bean = "flueObj"/>
	            <ref bean = "guitarObj"/>
	            
	         </list>
	
		</property>
		
	

	</bean>
	
	
</beans>